{"compounds": [{"name": "Hydrogen Peroxide", "special": "none", "totalC": 10.0, "pos": [499.0, 404.00000000000006], "myId": 0.14852601541569577, "c": 10.0, "fillColor": [0.8368779248068821, 0.9756788430709753, 0.9550039879577992, 0.5], "size": [100, 100]}, {"name": "H2O", "special": "none", "totalC": 10.0, "pos": [826.0000000000001, 558.0], "myId": 0.8532767979036865, "c": 0.0, "fillColor": [0.8368779248068821, 0.9756788430709753, 0.9550039879577992, 0.5], "size": [100, 100]}, {"name": "O2", "special": "none", "totalC": 10.0, "pos": [821.9999999999999, 258.0], "myId": 0.5270267163559714, "c": 0.0, "fillColor": [0.8368779248068821, 0.9756788430709753, 0.9550039879577992, 0.5], "size": [100, 100]}], "reactions": [{"linkColor": [0.8368779248068821, 0.9756788430709753, 0.9550039879577992, 1], "km": 0.025, "boxText": "Catalase\nkm 0.0[mM]\nVmax 0.6[mM/s]", "boxPosition": [765, 456], "enzyme": "Catalase", "S_ids": [0.14852601541569577], "I_ids": [], "P_ids": [0.8532767979036865, 0.5270267163559714], "myId": 0.7851082484142088, "vMax": 0.6, "iBoxes": []}]}