{"compounds": [{"c": 10.0, "totalC": 10.0, "myId": 0.6633319544969067, "fillColor": [0.7658050576819431, 0.9799330547494354, 0.8392309181173534, 0.5], "special": "none", "size": [100, 100], "name": "Maltose", "pos": [474.0, 572.0000000000001]}, {"c": 0, "totalC": 10.0, "myId": 0.5513125817339366, "fillColor": [0.7658050576819431, 0.9799330547494354, 0.8392309181173534, 0.5], "special": "sourceSink", "size": [100, 100], "name": "H2O", "pos": [478.0, 293.0000000000001]}, {"c": 0.0, "totalC": 10.0, "myId": 0.759910209472521, "fillColor": [0.7658050576819431, 0.9799330547494354, 0.8392309181173534, 0.5], "special": "none", "size": [100, 100], "name": "Glucose", "pos": [785.0000000000001, 433.0]}], "reactions": [{"I_ids": [], "vMax": 0.0013, "boxPosition": [629, 482], "myId": 0.2395689862647319, "enzyme": "Maltase", "iBoxes": [], "S_ids": [0.6633319544969067, 0.5513125817339366], "km": 0.135, "P_ids": [0.759910209472521], "boxText": "Maltase\nkm 0.1[mM]\nVmax 0.0[mM/s]", "linkColor": [0.7658050576819431, 0.9799330547494354, 0.8392309181173534, 1]}]}