{"compounds": [{"myId": 0.22312469441314509, "totalC": 10.0, "c": 10.0, "size": [100, 100], "special": "none", "pos": [529.0, 516.9999999999999], "fillColor": [0.6896719447227048, 0.7922409849844962, 0.8986631768396072, 0.5], "name": "Sucrose"}, {"myId": 0.6161841368732175, "totalC": 10.0, "c": 0, "size": [100, 100], "special": "sourceSink", "pos": [535.0, 309.0000000000001], "fillColor": [0.6896719447227048, 0.7922409849844962, 0.8986631768396072, 0.5], "name": "H2O"}, {"myId": 0.7932660492787688, "totalC": 10.0, "c": 0.0, "size": [100, 100], "special": "none", "pos": [856.0, 522.0000000000001], "fillColor": [0.6896719447227048, 0.7922409849844962, 0.8986631768396072, 0.5], "name": "Glucose"}, {"myId": 0.9024293776964365, "totalC": 10.0, "c": 0.0, "size": [100, 100], "special": "none", "pos": [877.9999999999998, 305.0000000000001], "fillColor": [0.6896719447227048, 0.7922409849844962, 0.8986631768396072, 0.5], "name": "Fructose"}], "reactions": [{"S_ids": [0.22312469441314509, 0.6161841368732175], "vMax": 15.0, "boxPosition": [749, 463], "enzyme": "Sucrase", "myId": 0.7613110371634746, "iBoxes": [], "boxText": "Sucrase\nkm 0.1[mM]\nVmax 15.0[mM/s]", "P_ids": [0.7932660492787688, 0.9024293776964365], "linkColor": [0.6896719447227048, 0.7922409849844962, 0.8986631768396072, 1], "I_ids": [], "km": 0.0607}]}